select 2882303761517473127 = "2882303761517473267"
(['0'],)
select 2882303761517473127 = "288230376151743127"
(['0'],)
select 2882303761517473127 = 2882303761517473127
(['1'],)
