select str_to_date('11/09/2011', '%m/%d/%Y');
(['2011-11-09'],)
select str_to_date('2017-01-06 10:20:30','%Y-%m-%d %H:%i:%s')
(['2017-01-06 10:20:30'],)
select str_to_date('2017-01-06 10:20:30','%Y-%m-%d')
(['2017-01-06'],)
select str_to_date('20140422154706','%Y%m%d%H%i%s')
(['2014-04-22 15:47:06'],)
